OverallQual,GrLivArea,GarageCars,TotalBsmtSF,FullBath,YearBuilt,Neighborhood,HouseStyle,SalePrice
7,2139,2,1683,2,1912,Rural,2Story,301053.17377100664
4,1327,3,123,3,1910,Rural,1Story,164947.10288491703
8,3230,2,0,1,1953,Suburb,2Story,332897.18138421775
5,4031,3,967,3,1915,Rural,1Story,338652.283392387
7,4951,1,1782,3,1907,Rural,1Story,400365.1758351515
10,3435,0,854,2,2003,Rural,Split,337242.70404899714
3,4376,2,639,1,1958,Downtown,Split,295616.912860245
7,626,0,190,2,1956,Rural,Split,184064.7756581258
8,3677,2,1602,1,1939,Downtown,1Story,343105.79840440373
5,3556,1,515,3,2008,Suburb,1Story,341234.936429593
4,1103,2,441,1,1958,Rural,1Story,137957.85145060712
8,3949,1,1944,2,1901,Rural,2Story,391428.9994130249
8,4646,2,1838,2,1993,Rural,1Story,425454.9741149002
3,4033,1,1829,2,1993,Suburb,Split,306118.8083494763
6,3867,1,142,1,1975,Downtown,Split,283261.5844574973
5,3868,3,1214,3,1909,Downtown,1Story,336612.1403449752
2,4297,1,532,3,1943,Rural,1Story,261624.28007267992
8,2292,3,226,1,1910,Suburb,Split,241488.45800465118
6,3361,1,1336,2,1978,Suburb,1Story,314961.973564349
2,3976,0,1652,3,1979,Suburb,Split,272031.5378632849
5,3917,1,948,2,1980,Suburb,2Story,351496.97032249963
1,2145,0,1325,1,1989,Suburb,Split,182650.43430185644
10,1705,0,1677,2,1901,Downtown,2Story,312838.64362673543
6,3530,1,459,3,1949,Downtown,1Story,291962.34190984204
9,3372,0,1424,3,1911,Downtown,1Story,350902.75480262574
1,3572,3,550,2,2014,Rural,2Story,203586.58080637894
10,2354,2,392,1,1989,Suburb,1Story,303803.9523862655
3,4521,1,1890,2,1922,Rural,2Story,333019.9669604936
7,3208,0,1787,1,1917,Suburb,1Story,310920.9615540354
4,4002,1,844,2,1961,Downtown,Split,302232.63178916654
9,1832,3,1230,3,1995,Rural,1Story,307031.8514350334
3,701,1,209,1,2012,Downtown,Split,56165.14731673177
5,4007,1,1138,1,1961,Suburb,Split,324334.4367216396
3,4712,0,1760,1,1937,Suburb,2Story,334168.79783860076
7,1074,3,645,3,2010,Suburb,1Story,254360.50805257703
5,1036,2,1274,2,1966,Downtown,2Story,196254.7611855386
9,2125,2,218,3,1937,Suburb,1Story,281695.25866573525
7,2622,0,406,1,1966,Downtown,Split,277918.83844461944
2,885,1,1466,2,1993,Rural,Split,85723.31550801042
4,3781,0,1626,3,1960,Suburb,1Story,292271.0293874571
9,974,0,1377,1,1900,Suburb,1Story,200923.80039882578
2,917,0,887,1,1993,Suburb,2Story,107199.56400337377
10,4100,1,557,3,1944,Rural,1Story,351566.14375541674
9,1454,3,549,3,1995,Suburb,1Story,299572.7132448744
10,1705,0,141,3,1927,Downtown,1Story,250773.8020063151
5,4620,1,611,1,1920,Downtown,2Story,341595.9338231787
2,2490,3,500,3,2009,Suburb,1Story,224861.82450119787
4,4072,0,839,1,1912,Suburb,Split,311829.797897539
7,4880,2,701,3,1926,Rural,2Story,363380.99730251904
8,4658,3,1570,1,1999,Rural,2Story,431446.42330939625
3,3213,0,1682,1,1906,Rural,Split,267813.5652140972
1,2703,3,1565,2,1921,Suburb,Split,221590.27106558616
4,3620,3,1869,3,1973,Rural,Split,311654.61213723395
2,1466,3,1530,3,2002,Rural,1Story,177022.1976868843
8,3932,3,595,1,1952,Downtown,Split,360841.15996387193
4,1188,3,1904,1,1978,Rural,1Story,185858.9994095402
2,4743,3,280,1,1978,Downtown,2Story,312493.7776586528
6,4201,0,423,2,1903,Downtown,2Story,348974.94806370005
6,841,2,855,2,1995,Rural,Split,176702.70468925036
10,2224,1,269,1,1922,Downtown,1Story,274026.52051442
4,4922,3,153,3,2018,Suburb,Split,375155.61168100627
6,2292,1,613,3,1969,Suburb,Split,245263.5927207225
2,2259,0,1750,2,1987,Rural,1Story,170066.29733310235
10,3712,3,661,2,1983,Suburb,Split,395896.2312444196
2,1489,2,1967,1,2000,Downtown,2Story,176812.1713520615
10,2762,1,82,3,1983,Suburb,Split,342553.5669087631
4,2982,3,1645,1,1975,Rural,1Story,265056.9520359468
8,1451,0,946,2,1932,Rural,1Story,244316.38965510885
7,1222,2,898,3,1927,Downtown,2Story,219803.38375800112
9,3889,1,1449,3,1907,Rural,1Story,361971.1665817001
8,2579,1,1298,2,1900,Suburb,1Story,268734.43375846144
5,3217,3,1736,1,1936,Rural,2Story,347857.7705581706
2,2832,2,283,1,1962,Downtown,Split,205261.6795432912
5,3876,2,979,3,1921,Rural,2Story,344210.08233460976
8,2000,2,172,2,1969,Suburb,Split,226177.6121078374
10,785,2,1350,3,1920,Downtown,2Story,306003.897759278
9,3995,0,1741,2,1995,Suburb,Split,406934.89256734255
9,2565,2,1086,1,1934,Downtown,2Story,308261.1957168958
1,1268,1,1096,2,1978,Rural,Split,121996.6828428898
9,3557,1,762,1,1904,Downtown,2Story,358181.9625660599
7,4789,0,1659,2,1959,Downtown,Split,407073.63373450097
9,2661,1,1398,3,2019,Rural,2Story,336560.5856079488
8,3793,1,632,1,1945,Suburb,1Story,342007.5751640446
1,1446,2,1531,3,1949,Rural,Split,169041.34168051832
8,3835,1,786,3,1947,Downtown,2Story,322335.92893839645
8,4650,0,942,1,1905,Rural,Split,369414.50574771495
3,1981,2,1011,1,1988,Downtown,Split,165132.7228341431
1,2401,3,397,3,1955,Rural,2Story,205581.8468940501
8,3951,2,1143,3,2009,Rural,Split,372793.7205793336
3,4564,0,933,3,1958,Suburb,2Story,281228.4384264164
3,554,2,1460,3,2019,Downtown,1Story,132924.2695196206
1,2323,2,1852,1,2003,Suburb,Split,206477.12402931572
5,3962,0,675,1,1928,Downtown,1Story,290295.43234888377
10,3579,2,935,3,1970,Rural,Split,366186.86881934456
7,1332,0,464,2,2003,Downtown,Split,167082.62796538768
10,4908,0,285,2,1976,Suburb,Split,420178.65574061003
9,3306,3,264,1,2001,Suburb,2Story,339064.6378649908
7,2990,1,319,3,1917,Suburb,1Story,282418.385802719
9,827,1,672,3,1901,Downtown,Split,211696.296250234
8,3810,2,1399,1,1907,Suburb,2Story,372781.3137435064
2,3800,2,819,2,1974,Suburb,Split,290718.9300353983
1,4175,3,88,2,1996,Suburb,2Story,278040.18401916884
7,3554,3,1677,2,1953,Rural,Split,355130.74900480715
7,2643,3,1226,1,1937,Rural,1Story,300865.27076191606
8,1811,0,820,2,1947,Downtown,1Story,234865.2606548076
5,3691,3,1762,1,1926,Downtown,Split,299538.9329273376
3,3038,3,1000,1,1919,Suburb,2Story,275638.9234257915
8,4483,2,1978,3,1911,Rural,Split,437878.7772497561
6,664,3,333,2,1942,Suburb,2Story,213826.67987161194
3,4777,0,221,1,1960,Suburb,Split,344879.9861295522
1,1322,0,40,2,1930,Rural,2Story,71379.5973549448
3,1443,2,1731,2,1990,Rural,1Story,184062.00159242342
5,4925,3,67,3,1995,Rural,Split,427320.79193740286
3,1274,3,987,2,1960,Downtown,1Story,173628.9876883553
1,2698,0,1799,3,1973,Downtown,1Story,213064.21805093504
5,3656,3,513,1,1966,Suburb,Split,279237.4009661084
10,4742,3,1896,2,2008,Downtown,Split,478825.7726315355
7,4195,3,1660,1,1990,Rural,2Story,430588.8074951818
7,3952,1,1645,2,1934,Rural,2Story,384632.5162020706
9,1414,2,1621,1,1994,Downtown,1Story,260320.30756962913
10,1808,1,1960,2,1914,Suburb,2Story,293073.67266863165
10,4677,2,1655,2,1915,Suburb,2Story,425831.9941501147
3,1013,0,1150,2,1912,Downtown,Split,112826.73719500589
7,2420,3,1278,2,2012,Suburb,2Story,264555.7614242706
1,4094,2,694,2,1934,Suburb,1Story,265283.60650680517
4,1909,1,1039,2,2015,Suburb,2Story,237932.2135986082
4,3690,3,476,2,1974,Rural,1Story,308528.638481875
5,4991,0,1085,2,1958,Rural,Split,389374.7797993146
7,2055,2,880,2,1920,Downtown,1Story,278814.98801851994
7,1304,2,431,1,2014,Rural,2Story,204283.83820854744
4,1779,2,1693,3,1953,Suburb,Split,207919.86677187102
7,4077,3,267,2,1974,Rural,2Story,347166.3088629709
3,3401,1,1058,3,1929,Downtown,Split,229768.76103115903
6,1887,1,778,2,1947,Rural,Split,225256.6046559115
2,3261,2,1599,2,2016,Suburb,2Story,208540.71206845826
10,3179,0,493,1,1934,Suburb,2Story,339038.3101857277
9,2606,0,1585,1,1985,Downtown,Split,311937.6187143775
5,4723,1,1492,3,1937,Rural,Split,379118.7973298968
6,3268,0,1790,1,1930,Rural,2Story,318340.3256589627
4,4453,1,660,1,1977,Rural,1Story,322525.8917667771
10,3686,2,1348,3,1923,Suburb,2Story,431191.4347530951
7,3780,1,1327,1,2013,Downtown,Split,359278.9162190442
9,3073,1,1299,2,1948,Rural,2Story,324287.463063679
7,3099,2,1892,3,1995,Suburb,1Story,337535.77915708243
1,4533,0,1986,3,1999,Suburb,2Story,261044.17946499726
1,736,1,1707,2,1931,Suburb,Split,90996.19119055668
9,1804,1,1952,1,1954,Rural,2Story,277020.0718813322
9,3930,2,1012,3,1978,Rural,Split,405465.4721911533
4,1801,0,1224,3,2006,Rural,Split,185122.77942916378
9,3041,1,1468,2,1957,Rural,2Story,317184.7197213114
3,2551,2,1928,2,1998,Rural,Split,213159.3619398375
7,941,1,1347,1,1902,Rural,Split,182261.64962813363
6,2576,3,1058,3,1979,Rural,1Story,331877.0360473586
8,3680,2,976,1,1968,Rural,1Story,360742.14069794066
9,3157,0,481,1,1984,Rural,1Story,334661.58824710356
5,4298,0,727,2,1909,Suburb,1Story,297338.915346715
1,1304,0,479,3,1982,Rural,Split,81511.00479795563
3,574,0,1088,3,1924,Downtown,2Story,88438.45071823866
10,2675,1,1031,3,1967,Suburb,Split,334127.37781684723
8,4424,1,1324,2,1960,Rural,Split,353797.42313041486
6,2589,0,342,2,1928,Downtown,Split,218958.19167180458
8,540,0,1454,2,1918,Rural,2Story,176152.78628057413
9,2581,0,1447,2,1942,Downtown,1Story,280771.49387873395
4,2122,1,331,2,1965,Downtown,Split,156746.3396535034
1,841,0,437,3,1973,Downtown,Split,93883.07396419515
1,4552,0,1611,1,1960,Downtown,1Story,286737.4288976913
10,2574,3,173,3,1942,Suburb,Split,346940.5973526026
4,1145,3,558,1,1924,Suburb,2Story,143601.48501495115
7,4763,0,526,2,1919,Downtown,Split,380768.4548609494
2,1109,2,1896,1,1947,Rural,Split,183656.08388973773
3,954,0,658,3,1982,Downtown,1Story,134304.2946447371
1,3453,3,25,3,1986,Suburb,Split,229551.2741110668
5,2208,2,819,1,1923,Rural,Split,231981.6129901849
1,3972,2,604,2,1910,Suburb,2Story,243524.25221408845
8,3469,0,405,2,2009,Suburb,1Story,305964.328846425
1,3528,3,231,3,1997,Rural,1Story,264385.2077900665
1,3181,3,532,1,1954,Downtown,2Story,222308.99360425601
2,4129,2,1842,2,1927,Downtown,Split,330091.9130690006
2,4725,0,1573,2,1968,Downtown,1Story,305661.5402151286
6,3567,1,1811,3,1962,Downtown,1Story,328946.5083865998
7,1886,1,504,2,1958,Rural,Split,223849.78009537054
5,4276,3,1692,1,1904,Rural,Split,335636.3312262559
1,3366,1,178,3,1950,Rural,1Story,233148.49797233182
1,3863,3,131,3,1920,Suburb,Split,301484.2332922831
3,4624,3,1846,1,1911,Rural,1Story,341575.45522867696
2,648,3,1478,3,1949,Downtown,Split,128250.08112649988
5,4350,1,347,2,1903,Suburb,Split,304833.5303258582
10,2558,3,539,2,2017,Downtown,2Story,326785.3354479924
6,1636,2,771,1,2012,Downtown,Split,256415.67372481604
7,686,0,1429,2,1941,Rural,2Story,167610.38960480219
4,3354,0,75,1,1983,Rural,Split,230794.6639822092
7,1750,3,1964,1,1937,Downtown,1Story,245672.91495698056
8,1833,0,578,2,1924,Downtown,1Story,241482.9754772614
1,4693,1,853,1,1913,Suburb,Split,281665.40875698027
6,4650,1,1515,2,1974,Rural,Split,357456.4244839488
8,3211,0,193,3,1931,Suburb,1Story,284653.4080536384
5,2285,1,1185,3,1910,Suburb,Split,269608.6674107112
4,1250,0,346,1,1960,Suburb,2Story,141074.15512537537
2,2262,0,950,2,1917,Downtown,2Story,175833.70790894594
6,4420,0,1384,2,1926,Suburb,2Story,353393.0765005212
6,4960,3,1792,3,1954,Suburb,2Story,452132.5077642235
1,981,0,1607,3,1953,Downtown,2Story,95585.71275358579
9,653,3,1110,2,1981,Rural,Split,230022.0895964709
6,2024,0,1957,1,2019,Rural,Split,243860.69586674977
3,2620,0,1285,3,1986,Suburb,2Story,190876.48349420552
4,2843,0,213,1,1974,Downtown,Split,200487.16966837313
4,1740,1,1688,1,1920,Rural,Split,218693.49654561875
3,560,3,1745,3,1943,Suburb,2Story,172404.26992660234
10,1438,3,1936,1,1904,Suburb,Split,314761.3375020406
3,2139,0,572,1,1986,Downtown,Split,165208.19554937197
3,4620,0,779,2,1940,Suburb,Split,296266.09519762325
4,4726,1,261,1,1958,Rural,2Story,286558.69009923935
7,4069,1,729,2,1988,Downtown,Split,370468.6908463262
4,1752,1,282,3,2004,Rural,1Story,210573.04537532193
9,4703,3,1671,3,1953,Rural,1Story,475548.4193307122
1,671,3,1490,2,1973,Rural,2Story,157731.8250695448
8,1958,3,1403,3,1921,Suburb,1Story,301502.1718697981
7,4049,0,361,1,1982,Suburb,2Story,359007.63673093385
2,4697,3,1472,1,1964,Rural,1Story,331680.5078168424
8,2822,2,440,1,1963,Rural,1Story,265859.792699889
1,2136,2,92,3,1970,Downtown,1Story,182854.49354480236
9,3615,1,1644,1,1903,Downtown,2Story,327852.21747982607
9,4590,3,752,3,1964,Suburb,2Story,434344.0409898673
2,3504,2,866,1,1914,Suburb,Split,268026.4760424851
7,829,1,1447,2,2003,Downtown,2Story,212175.17592070394
10,4140,3,141,3,1975,Rural,1Story,457884.8614116455
3,4394,0,1314,3,1921,Suburb,1Story,268761.4201170604
7,4607,2,1455,1,1985,Rural,2Story,396292.7865492817
10,1841,0,748,3,2013,Downtown,2Story,283659.10930505313
9,4163,3,1875,3,1946,Suburb,2Story,403367.94367635174
4,715,2,1847,2,1980,Suburb,Split,147615.3441855143
1,838,3,1712,2,1992,Downtown,1Story,123437.427783468
2,4562,0,652,1,1945,Suburb,Split,258647.05411901476
1,3208,2,700,2,1913,Downtown,Split,218540.10699672264
5,3652,0,997,1,1949,Suburb,1Story,275380.7019969568
5,2250,3,48,1,1919,Downtown,1Story,231718.1676819135
7,2921,3,1325,1,1949,Suburb,2Story,330438.60932406125
9,1209,0,880,3,2011,Rural,2Story,250785.5791943778
9,4226,2,1213,2,1932,Rural,Split,395557.4750963049
3,4142,0,1159,1,2018,Rural,2Story,297769.51258928946
3,4493,3,554,2,1958,Suburb,2Story,347232.5783235347
3,988,0,403,1,1942,Suburb,1Story,120571.2916255498
4,546,3,891,2,1978,Rural,1Story,190099.5538888684
8,3859,0,864,2,1911,Rural,2Story,360973.57973533374
6,900,2,601,1,1939,Downtown,1Story,210288.14145296923
8,4490,2,1830,3,2017,Downtown,2Story,377953.1374413987
1,3657,0,340,2,1919,Downtown,1Story,218483.52242280464
8,4845,0,1780,3,1993,Rural,1Story,415671.34998095565
4,890,2,1968,3,1937,Rural,1Story,180060.4053937157
1,4353,3,703,1,1902,Rural,1Story,265810.8115979172
8,4930,2,317,1,1927,Downtown,2Story,408463.9880076836
4,1128,3,617,1,1955,Suburb,Split,133072.87135165173
6,4732,0,1386,2,1989,Rural,1Story,381288.7372574258
8,3430,0,1845,1,1993,Suburb,2Story,327265.7755963892
4,2021,3,381,1,1912,Suburb,2Story,194862.2781975913
3,1326,0,232,2,1976,Suburb,1Story,142310.03539131474
9,2000,3,1800,2,1965,Downtown,Split,319075.55455732666
3,3794,1,1367,1,1936,Suburb,1Story,301718.41822812904
9,2919,2,1572,1,1948,Rural,2Story,322799.9298830802
2,1434,1,816,1,2001,Downtown,Split,141505.88695565745
2,3542,3,552,1,1965,Rural,2Story,277415.462340223
2,4997,2,1552,3,1935,Rural,1Story,356613.994875028
6,1966,3,855,3,1953,Downtown,Split,264211.88506925595
3,4061,2,1812,1,1925,Rural,2Story,333950.8571676647
9,1114,2,818,3,1974,Rural,2Story,241335.15102260944
4,1682,2,1594,2,1971,Downtown,2Story,200743.38245755457
1,3723,2,1958,3,2007,Rural,1Story,297528.0887386467
4,3167,3,182,3,1939,Suburb,Split,267901.3702797782
1,630,2,1064,1,1942,Rural,1Story,119424.0713539543
5,3483,2,1574,3,1921,Suburb,1Story,325125.4687423011
4,4778,1,396,3,1919,Rural,1Story,321252.98639419477
8,4959,0,1727,3,1907,Downtown,Split,424957.6805362228
8,538,0,778,3,1928,Downtown,1Story,162206.00671554933
7,4459,1,1517,2,1939,Rural,1Story,401128.5693671411
3,4087,1,1682,1,1989,Downtown,1Story,278946.953869037
1,1420,3,906,1,1929,Rural,1Story,166461.3054839237
1,3269,3,1356,2,1980,Downtown,2Story,259987.53022369154
3,4611,3,126,3,1983,Suburb,1Story,328078.7806075465
6,992,1,1581,2,2015,Rural,2Story,217986.68301867752
7,1631,1,1580,3,1954,Suburb,1Story,258776.5328832471
6,4021,2,0,2,1915,Suburb,Split,349157.6337131612
6,810,3,1191,1,1945,Rural,2Story,220241.23476706934
6,1238,3,1643,1,1961,Suburb,2Story,232905.80888332572
3,3741,3,18,1,2006,Rural,2Story,260574.58623916845
6,1045,0,1355,3,1906,Suburb,2Story,174119.81999107517
8,2961,2,583,3,1979,Rural,Split,321177.06228376704
2,4846,3,455,2,1944,Rural,1Story,347434.4338879019
5,2304,3,956,2,1958,Downtown,2Story,245992.2707732505
1,3712,3,1132,1,2010,Rural,Split,261781.18959139727
1,4310,0,1291,3,1955,Rural,2Story,313787.01258534857
5,1313,0,444,2,1947,Suburb,1Story,162144.02977244547
3,4624,1,1263,3,1926,Rural,2Story,316365.3621946679
4,2532,2,1952,3,1952,Downtown,Split,281372.92056788295
3,4913,1,1324,1,1986,Suburb,1Story,339607.3143408083
1,744,2,601,1,1987,Suburb,Split,70128.0167313287
1,771,0,102,3,1972,Downtown,1Story,98608.28165614748
5,4011,3,987,3,1934,Suburb,1Story,328749.2135860145
6,2271,1,1273,3,1950,Suburb,1Story,259881.71196779152
3,1762,3,1476,3,1983,Suburb,2Story,214557.21772425287
9,2924,1,519,1,1936,Suburb,Split,314782.0234693973
5,4861,0,1176,2,2005,Downtown,Split,318248.5185487067
8,1420,0,858,1,1980,Downtown,Split,214458.01042401532
1,3930,0,173,2,2010,Suburb,1Story,258456.74120231404
5,4935,1,1366,3,1994,Suburb,2Story,408778.9103978331
3,4984,2,1693,2,2018,Downtown,1Story,350034.1923671936
1,3124,1,1004,1,1956,Downtown,Split,230291.9648542363
4,4260,2,430,1,1907,Downtown,2Story,292071.4049114883
5,2550,1,726,3,1978,Suburb,2Story,242329.35481225434
7,4000,1,1712,1,1994,Suburb,2Story,357200.312670815
1,1665,0,1710,3,2016,Rural,Split,161226.07419410817
3,875,3,1875,1,1993,Downtown,2Story,190577.32912581725
2,2533,3,849,1,2009,Suburb,2Story,224821.69072058224
9,645,2,1681,3,1919,Downtown,1Story,235247.3647935231
10,4888,3,1985,2,2002,Suburb,1Story,503646.22466076433
6,931,1,1347,1,1952,Downtown,2Story,167636.7721953257
10,1204,1,989,2,2018,Suburb,2Story,260235.651130641
3,3132,0,1696,1,1911,Rural,1Story,261535.62456755058
8,4994,0,638,1,1948,Rural,1Story,402846.12423581147
8,1463,3,419,1,1916,Downtown,1Story,228803.92045110176
2,2734,2,593,1,1963,Suburb,Split,179600.86466799464
6,2541,3,484,2,1941,Suburb,Split,277047.1638158962
7,2328,3,1682,2,1993,Downtown,1Story,272766.4959619402
2,2608,3,1774,1,1928,Suburb,2Story,229429.9727061767
10,4568,3,411,1,1918,Downtown,1Story,446998.96798473335
2,1438,1,935,2,2009,Suburb,Split,163435.172926037
10,1306,2,1107,3,1910,Downtown,2Story,232966.92043975665
1,1963,1,1136,3,1997,Suburb,Split,174579.03008680634
8,3915,2,1760,2,1949,Downtown,2Story,379466.60170794814
1,510,0,331,1,1970,Suburb,Split,33645.651985491015
9,2368,3,1401,1,2007,Rural,2Story,333820.42591604206
6,1384,1,1778,3,1957,Suburb,2Story,215625.24302418545
7,4064,2,654,3,1933,Downtown,2Story,349869.3192272101
10,1889,0,40,2,1919,Rural,2Story,259630.90236853441
7,3901,0,1958,3,1949,Suburb,Split,346592.3093819703
10,4821,3,1793,2,2001,Rural,Split,478924.71667733125
3,1324,2,958,3,1987,Suburb,2Story,162193.50220740132
2,2765,1,1820,3,1909,Rural,2Story,219780.77078754915
9,1436,3,104,3,1931,Downtown,Split,276838.59538591054
8,3300,1,201,1,1951,Suburb,2Story,331013.4327276055
10,3053,0,449,1,1914,Suburb,2Story,283856.9150571475
7,4345,1,1842,1,2000,Downtown,2Story,399031.4568769311
9,2296,1,1866,3,1983,Rural,1Story,348391.82009252213
4,553,3,1996,2,1902,Downtown,2Story,198917.53634807153
4,1226,1,1289,2,1936,Downtown,1Story,181087.59451770238
1,3236,3,909,2,1939,Rural,2Story,217732.04284512205
8,3670,0,209,2,1971,Downtown,Split,337379.6168069507
3,2413,3,562,1,1939,Suburb,1Story,198404.95289568166
7,2096,3,1141,1,2007,Suburb,1Story,271460.6966768669
2,2414,2,712,3,1955,Suburb,2Story,213101.64314089637
2,2966,1,1400,3,1922,Downtown,2Story,217404.81306762522
7,3237,0,1574,2,2003,Suburb,1Story,295701.9938656443
6,1349,3,1563,1,1910,Suburb,Split,234025.46636981645
3,2609,0,770,2,2009,Suburb,Split,249094.4840862463
9,502,2,1107,3,1963,Suburb,2Story,248404.68660958926
10,4755,1,453,3,1907,Suburb,Split,436653.7237010019
6,4569,3,666,2,1992,Suburb,Split,400553.7087117947
10,1392,1,628,3,1993,Downtown,2Story,279214.38994363835
10,2530,2,1537,2,1955,Suburb,Split,351738.00458818785
6,3660,2,1628,1,1959,Suburb,2Story,354432.35679197294
1,2876,0,1701,2,1909,Rural,1Story,176352.73815891956
4,2433,3,386,1,1938,Downtown,2Story,232159.70598885827
10,1880,0,1935,1,1927,Downtown,1Story,288781.0358751231
6,4181,2,1373,3,1948,Downtown,1Story,367888.0566228913
6,1790,1,295,3,1935,Downtown,Split,204672.5557050642
5,2140,0,257,3,1912,Suburb,Split,213749.75689548464
1,3182,0,1104,2,1995,Suburb,Split,199321.43980624786
8,1487,1,1960,2,1935,Rural,2Story,246372.90141215932
5,1718,0,267,3,2000,Rural,Split,178162.401726958
5,1855,1,418,2,1925,Downtown,1Story,215888.93274539738
7,4765,3,234,3,1985,Rural,Split,401195.5299358161
4,4635,1,1856,2,1903,Rural,Split,339953.3532040647
6,2060,3,1334,1,1994,Downtown,2Story,256611.4060996764
4,1918,1,1836,1,1981,Downtown,2Story,215797.61233360815
3,1454,2,1998,3,1963,Rural,1Story,231403.49837739707
7,1483,2,985,2,1937,Suburb,2Story,207819.59327306657
8,1474,3,1380,2,1987,Rural,Split,283510.1999535957
4,4633,3,1236,1,2019,Rural,2Story,372707.24676062015
2,4472,2,573,1,1986,Suburb,1Story,281000.6920310645
10,1413,3,48,3,1921,Suburb,Split,298047.46580309374
3,536,1,1150,1,1901,Downtown,1Story,120685.60901761352
1,3887,1,222,3,1930,Downtown,2Story,231635.33393540487
8,2211,2,920,1,2018,Rural,2Story,248561.7334810748
3,3520,0,1302,1,1910,Suburb,1Story,257622.93668998225
10,1295,1,1431,2,1991,Downtown,Split,271575.0883048803
7,4536,3,1528,1,1945,Rural,2Story,381245.74137467763
10,3611,0,1317,1,1995,Suburb,2Story,350517.7117972873
5,1824,0,1819,3,1961,Rural,Split,241050.1973423901
10,817,1,276,1,1968,Downtown,2Story,179056.1018535801
5,2896,1,1461,3,1963,Downtown,1Story,286605.6551014607
7,2662,0,1130,1,2001,Suburb,2Story,272051.26049378276
9,3245,0,1681,1,1909,Rural,2Story,346713.0965670688
5,2091,2,419,3,1939,Suburb,Split,220943.89980279596
1,3611,3,610,2,2009,Downtown,1Story,264515.4993052063
10,4430,2,1452,3,1923,Downtown,Split,422984.50310942583
10,2496,1,374,3,1998,Rural,2Story,316095.90167653264
1,1812,2,72,3,1943,Rural,2Story,156121.67756301485
2,1785,2,1972,2,2011,Rural,Split,202807.43742550942
6,4811,2,1657,1,1959,Suburb,Split,402196.1368480309
9,2883,2,1053,3,1961,Rural,Split,322751.57401096704
8,3739,3,1211,3,1986,Rural,1Story,372956.508762303
5,2639,3,1387,2,1916,Downtown,2Story,264823.2032156811
1,2204,0,1889,3,1964,Downtown,Split,178850.20488826494
7,862,1,1823,1,2018,Rural,2Story,238531.65739235657
5,3104,2,1474,2,1994,Rural,1Story,291996.424889286
6,2216,0,194,1,1994,Downtown,1Story,196208.81080469
7,4951,0,1179,1,2005,Rural,1Story,402462.9137570119
3,4786,0,1195,2,1956,Suburb,1Story,350732.8686286896
10,4238,3,846,3,1954,Suburb,2Story,403995.7629629538
3,2969,2,1064,1,2005,Suburb,1Story,289686.2150943618
5,1056,2,1086,1,1952,Rural,1Story,188023.53204646145
6,1325,1,22,1,1955,Downtown,Split,197867.81578136783
9,3308,2,359,1,1997,Rural,1Story,371621.4327008663
5,3219,2,1098,2,1908,Rural,Split,308162.35285415483
1,4008,0,559,2,1921,Downtown,1Story,236469.28805984635
4,4241,1,671,1,1912,Downtown,1Story,326023.9628838283
5,2074,2,1848,3,1988,Downtown,Split,264551.9953974184
10,4498,3,1141,1,1947,Suburb,1Story,459229.6944981528
10,2629,2,1635,3,1917,Rural,2Story,374847.50967561366
5,2903,0,1403,1,2014,Downtown,2Story,242792.06820054463
7,3829,3,1952,3,1975,Rural,1Story,403876.02263954014
4,1088,0,1943,1,1939,Suburb,2Story,158522.16162973258
1,2512,2,678,3,1916,Suburb,Split,193523.8127356803
5,2047,3,1313,1,1914,Downtown,1Story,242551.85497685595
7,794,1,439,1,2005,Downtown,1Story,180719.40435150717
10,2485,1,1691,3,1914,Rural,Split,364940.5062445808
10,3617,3,932,2,1978,Downtown,Split,369961.04746211873
6,2190,3,6,3,1962,Rural,Split,216373.13286260428
5,1636,0,1219,2,2018,Downtown,1Story,164314.19856668854
4,2564,3,420,1,1938,Rural,Split,256782.88527871828
2,4955,0,1591,3,1912,Rural,Split,310301.2501626468
4,1507,2,832,3,1980,Rural,2Story,197633.72939029773
10,3014,0,1216,3,1931,Rural,2Story,340825.6575175084
10,4026,3,558,2,1908,Suburb,1Story,385532.4971872004
3,1747,3,1171,2,1939,Rural,2Story,216699.54475111398
10,4402,2,1810,1,1919,Downtown,2Story,430650.7406356523
1,1935,3,1692,2,1989,Suburb,Split,189735.29845923232
8,1071,3,1225,2,1990,Suburb,Split,251707.42615480503
5,2882,1,1467,1,1984,Rural,2Story,286255.4416967643
4,1745,1,913,3,1981,Suburb,2Story,179430.47512931103
8,2584,2,1442,3,1976,Rural,2Story,338098.36694666574
7,777,0,1450,1,1979,Downtown,1Story,214747.070395467
2,2387,1,1006,3,1972,Rural,1Story,173147.55262477646
1,1765,0,1502,2,1962,Suburb,1Story,155055.97958255664
4,1540,3,1498,1,1975,Downtown,2Story,203361.55575285346
8,1417,1,125,1,1943,Rural,2Story,226634.6116144028
2,1385,2,394,1,1937,Downtown,1Story,111496.81574946298
3,3252,2,816,3,1982,Downtown,1Story,299698.7645128715
1,521,2,880,1,1959,Suburb,2Story,57392.103871418614
1,3691,1,1829,1,1970,Downtown,Split,253244.3812044693
3,2853,0,575,1,1998,Suburb,1Story,222635.9215199072
5,1186,3,324,3,1947,Downtown,2Story,176753.2630613035
3,784,0,1415,2,1917,Rural,2Story,107331.96903085925
1,4247,0,929,1,1915,Downtown,Split,256874.71273261047
1,1262,3,1711,2,1954,Rural,2Story,159275.19839982162
8,2928,3,1651,3,1938,Rural,2Story,348338.763388303
10,3007,1,1463,3,1967,Downtown,1Story,378483.77022931253
2,528,1,1227,3,1958,Rural,1Story,103850.54613143957
3,1406,1,1509,3,1988,Downtown,Split,185671.8529959001
2,3604,1,832,2,1995,Downtown,Split,246207.9438344837
3,4499,1,1054,1,1961,Rural,2Story,295143.41028341185
7,3494,3,1411,3,2003,Rural,1Story,357524.82743019966
1,3006,0,1648,3,1912,Suburb,Split,204484.69625612738
10,4109,1,1900,2,2008,Rural,Split,415273.92397674435
8,4053,1,1457,2,1980,Suburb,Split,403096.54835604323
10,1953,0,836,3,2012,Rural,2Story,285487.9309192889
10,3856,1,925,1,2000,Downtown,1Story,373041.8665544027
10,1015,0,1399,1,1905,Rural,Split,234791.57548095981
2,538,0,1367,3,1982,Downtown,1Story,109524.55878256814
3,3842,3,442,2,1976,Downtown,Split,269802.3754081186
9,1386,2,1602,3,1959,Downtown,Split,271271.87456152315
7,3344,3,74,3,1989,Suburb,1Story,320806.31351802807
4,2704,2,556,2,1913,Rural,1Story,234177.11452583052
10,1598,2,1795,3,1994,Downtown,1Story,324710.5674607597
5,2323,2,1689,3,1953,Downtown,2Story,267963.4374232576
2,3701,1,1178,3,1903,Suburb,Split,288468.7469477066
8,3655,3,1453,2,1938,Rural,2Story,375376.7928822237
4,3593,2,362,1,1971,Rural,1Story,314511.7456076013
9,4030,0,447,1,1924,Suburb,Split,343624.49972536694
5,4278,1,1257,2,1976,Suburb,2Story,326248.7523766975
9,3396,3,1586,1,1931,Rural,Split,385566.05349553947
4,3953,2,1841,3,1958,Suburb,2Story,362551.6387493003
10,4011,0,261,1,2001,Rural,1Story,343293.93390829547
5,1488,3,1850,3,1962,Rural,2Story,233660.1870357137
9,4616,3,124,1,1937,Downtown,Split,394764.36109828256
8,4526,1,910,2,2019,Downtown,Split,399257.0202598416
3,4679,3,244,1,1991,Rural,Split,328130.3584699881
1,2182,1,541,1,1952,Rural,Split,182027.6249525544
3,4463,2,1961,1,1993,Rural,1Story,339501.9041425043
4,1433,1,484,2,1966,Rural,2Story,195425.6819794046
2,4098,0,121,1,1927,Rural,1Story,238717.99327962627
1,3733,1,124,2,1902,Rural,1Story,242859.63750210433
7,2480,0,1572,3,2008,Suburb,1Story,290813.2605627344
8,2355,1,169,1,2017,Rural,Split,302427.7079736689
7,3556,3,123,2,1997,Suburb,Split,305419.7027437114
5,1292,2,1892,2,1979,Suburb,Split,192062.8456448035
1,1291,0,1058,1,1921,Rural,2Story,144442.44569316774
7,2309,1,1110,3,1995,Rural,Split,262484.6981302729
7,2755,1,645,2,1937,Suburb,2Story,265953.9328384828
9,4110,1,1731,1,1971,Suburb,Split,379705.5282900029
3,2107,3,785,3,2018,Rural,Split,245818.91913067448
9,1484,3,200,2,1971,Rural,1Story,235230.84773549752
1,4176,0,368,2,1961,Suburb,1Story,247709.0082455532
1,3880,0,796,3,1956,Suburb,1Story,240207.56356438925
4,1019,3,76,3,1905,Suburb,2Story,178700.3116700887
9,1090,0,58,1,1977,Downtown,2Story,192086.3467533671
6,1550,2,430,1,1931,Suburb,Split,212505.45158226546
3,4133,2,637,2,1998,Downtown,2Story,280765.6765324546
1,4944,3,1523,3,1909,Rural,Split,384038.820773544
4,1459,0,1936,3,1902,Rural,2Story,182078.15350692582
9,1192,1,108,3,1958,Suburb,2Story,227735.26969770735
3,4399,2,1759,2,1975,Rural,2Story,370725.08717701084
9,4973,3,1007,3,1948,Rural,1Story,441856.5445138958
7,3446,0,1301,3,1958,Rural,2Story,357467.6468587723
4,1026,3,67,2,1930,Rural,1Story,147410.57651724078
3,3724,1,1092,1,1992,Downtown,1Story,290673.96367642516
10,2753,2,1188,1,1968,Downtown,2Story,331756.36719681404
5,3844,3,1512,2,1961,Suburb,Split,316419.2710971053
5,4465,3,304,3,1951,Suburb,Split,362721.8870108123
3,2375,3,1932,2,1988,Suburb,Split,263988.06801967067
9,2263,1,673,1,1940,Rural,2Story,254292.28515347524
4,1020,3,364,1,1930,Rural,Split,150138.83362182576
5,1516,1,1877,2,1984,Downtown,1Story,240755.17923073814
4,616,1,820,2,1983,Downtown,Split,147502.3790159322
5,2933,1,1402,1,2002,Suburb,2Story,266985.699964319
7,1083,2,342,2,1921,Downtown,Split,186139.4859673109
9,894,2,946,1,1903,Downtown,1Story,262884.8865026955
7,4288,3,898,2,1912,Downtown,2Story,349621.35860394285
5,3268,3,1577,2,1944,Downtown,Split,313156.0285118279
10,4667,2,1377,2,1941,Downtown,2Story,415696.0625261211
10,4360,0,1439,1,2013,Suburb,2Story,439376.2928968856
7,773,2,1132,2,1948,Suburb,2Story,200947.52775583326
10,2513,1,1586,1,1919,Downtown,Split,327833.4816953887
5,4933,2,761,1,2015,Suburb,2Story,428747.8461925522
3,1889,1,1520,2,1976,Rural,Split,185580.54648527212
7,4066,3,340,2,1980,Downtown,1Story,398071.5182811707
2,665,0,941,1,1953,Rural,Split,84555.36171183623
9,2067,3,382,1,1935,Suburb,1Story,279819.75084830204
10,1228,1,1003,3,1996,Suburb,Split,318823.50513241196
10,2543,1,1556,1,1900,Rural,2Story,320048.19245476654
1,4697,1,299,3,1914,Suburb,Split,254742.57191409505
6,3996,0,138,3,1976,Downtown,2Story,320798.37576252624
7,1278,2,358,3,1916,Rural,1Story,209205.26349665993
8,713,3,835,2,1923,Downtown,Split,221991.91683467722
10,4262,3,1522,2,1957,Rural,2Story,436568.0441334446
9,2076,2,1408,1,1971,Suburb,1Story,343370.8923240953
2,2948,3,1627,3,2013,Rural,1Story,277374.71677671873
10,3436,0,1982,2,1990,Rural,Split,358940.70744548365
2,3617,3,1303,2,2008,Downtown,1Story,290200.93604047707
5,1091,1,1660,2,1922,Suburb,2Story,168957.40351665922
5,3220,2,482,2,1945,Downtown,1Story,275185.7231499409
6,1213,0,908,2,1971,Suburb,1Story,167701.18578866354
3,1435,2,1134,3,1907,Downtown,2Story,217272.37046412047
8,4837,0,865,3,1958,Rural,1Story,386122.30769643554
1,501,1,138,3,1989,Downtown,1Story,90461.28703988274
6,3348,2,995,3,2010,Suburb,1Story,316830.41156246746
4,4544,3,434,1,1958,Suburb,1Story,313511.7365485442
1,2449,0,508,3,1912,Rural,2Story,167762.98605799014
7,1417,2,272,2,1938,Suburb,1Story,223103.83674171413
9,3674,3,1122,3,2000,Downtown,2Story,407312.5306550903
4,2741,2,1787,1,2012,Rural,1Story,216545.61690918115
4,589,2,1873,2,1927,Suburb,1Story,134913.08572661818
6,2209,2,103,3,1988,Suburb,1Story,265461.0943804377
3,2669,0,1237,3,1960,Downtown,1Story,205717.86074782416
6,4738,3,1784,3,1915,Downtown,2Story,413138.8810062022
7,3541,1,1687,2,2018,Rural,2Story,322429.5060954243
10,605,0,761,2,1901,Suburb,2Story,220202.0220431688
10,1386,0,786,1,2017,Downtown,Split,270345.3919199115
3,927,0,164,2,1981,Rural,1Story,127368.19812344734
7,2395,1,998,2,1916,Suburb,1Story,286961.13624707196
3,816,3,1876,3,1929,Suburb,2Story,202498.00289799066
2,1134,3,519,2,2002,Rural,Split,123798.5173678205
10,2425,3,1307,3,1912,Rural,1Story,327816.56137697276
4,2556,2,516,3,1995,Downtown,2Story,260570.8714060759
8,3644,2,656,2,2013,Suburb,1Story,379224.3954367496
9,2770,2,612,1,1992,Suburb,1Story,306453.1409285615
7,1939,1,163,1,2009,Suburb,2Story,216232.27869348833
1,1052,2,1909,2,1993,Rural,2Story,132035.73020138987
3,1215,1,1682,1,1981,Downtown,1Story,130388.10071912108
9,4411,3,63,3,1912,Suburb,1Story,377581.7763565185
1,2213,2,1114,3,1942,Rural,2Story,162184.14709939694
9,3889,2,1140,2,1984,Suburb,1Story,384768.0305238873
8,1607,0,1889,1,1993,Downtown,1Story,257846.73031667908
1,4706,1,266,1,1920,Suburb,2Story,281289.45663284743
6,750,3,1845,3,2011,Downtown,1Story,210328.75493448638
5,2930,0,1708,2,1954,Downtown,1Story,261380.25767438242
6,2554,0,1582,1,1980,Suburb,Split,264813.2299030252
10,958,3,1163,2,1939,Suburb,2Story,235139.70885701146
5,707,0,245,1,1982,Downtown,Split,147638.81064166178
6,1399,1,1684,3,2015,Rural,Split,255837.7055802854
5,3961,1,1781,3,1914,Downtown,Split,322558.38724623923
5,3885,2,394,2,1972,Suburb,1Story,306361.2768130244
4,521,0,1510,3,1951,Suburb,1Story,161216.24449690338
3,909,2,475,1,1973,Rural,Split,129788.968180202
3,1394,0,1540,3,2007,Downtown,Split,182964.9089190326
4,1014,1,976,2,1994,Downtown,Split,157773.89212398452
9,4609,1,1207,2,1952,Downtown,1Story,445916.1477696055
2,2634,1,1043,2,1986,Suburb,Split,220961.59256502992
9,4095,0,1960,1,1951,Downtown,Split,400003.11543838383
1,3456,1,557,1,1929,Rural,2Story,228166.13077467174
1,2060,0,1017,1,1932,Suburb,2Story,135437.72527344574
5,1766,2,1547,1,1956,Suburb,1Story,215575.2172615493
6,2669,0,1605,1,1951,Downtown,2Story,281034.9127911995
6,4138,2,1552,3,1908,Rural,2Story,366268.25658867235
3,1249,0,882,1,1953,Suburb,2Story,111837.77984376454
7,3927,2,146,1,2010,Suburb,1Story,377732.0884924956
9,2427,1,665,3,1900,Downtown,2Story,314211.437345942
10,4304,2,1327,1,1943,Downtown,1Story,421792.5264769004
8,4202,1,619,2,1998,Rural,Split,366809.9803640007
6,2856,1,1771,1,1974,Downtown,2Story,294593.51715060166
8,2835,2,819,1,1997,Rural,1Story,323180.40198314853
5,806,0,863,2,1979,Suburb,2Story,109799.98528659905
8,4165,0,581,2,1908,Rural,Split,392916.9941897151
10,2489,3,1022,2,1931,Rural,1Story,322192.3138166616
4,1161,0,694,2,1914,Rural,1Story,143291.88734022484
10,811,3,1785,1,1911,Suburb,1Story,263047.33765558293
8,3420,0,1251,2,1996,Downtown,Split,375557.004373777
10,1582,0,1125,2,2008,Suburb,Split,270637.5231798661
2,3471,1,1610,3,1977,Downtown,Split,300220.1458870726
5,1254,3,1440,2,1956,Rural,1Story,220234.5493892223
9,4630,0,1981,2,1907,Rural,Split,397582.302755881
4,852,3,1239,3,1971,Rural,2Story,182174.14936205608
6,1402,1,406,3,1926,Rural,Split,193449.82556570176
1,4388,1,398,1,1961,Rural,1Story,241778.59030191542
9,658,3,1946,3,1911,Downtown,2Story,260074.45538944483
1,2477,1,714,1,1964,Downtown,Split,174972.05499699712
5,1456,2,703,3,2006,Rural,2Story,218588.4341091708
4,2571,2,760,3,2003,Suburb,2Story,252917.0555919663
3,903,1,498,1,1941,Suburb,1Story,106187.9420597186
6,3279,2,1777,3,1961,Rural,2Story,345956.67984580627
2,1887,0,1488,1,2014,Downtown,2Story,158022.03439492843
3,3953,3,1714,3,1910,Suburb,1Story,260936.58954433457
5,1455,0,1972,2,2002,Suburb,1Story,209963.05895908433
9,2212,3,973,3,1942,Suburb,1Story,303178.5254553202
2,1773,1,1754,1,1994,Rural,2Story,185772.6100879327
10,4311,0,81,3,1916,Suburb,2Story,423747.4347187943
8,3125,1,603,1,1996,Suburb,2Story,353464.7938629612
2,2882,1,1970,1,1931,Suburb,1Story,228297.5415555632
5,1941,3,1710,2,1992,Suburb,Split,238919.69657507888
7,3479,3,1774,2,1984,Downtown,2Story,374523.66563835845
8,2297,3,771,1,1984,Rural,Split,286265.4881626729
1,4890,0,902,3,1939,Rural,1Story,304275.5304469389
6,4509,2,364,1,1922,Downtown,2Story,336712.7847554629
1,1894,3,162,1,1955,Downtown,Split,158453.84832045506
2,4781,3,1071,3,1905,Rural,2Story,319730.5169541305
1,1769,0,510,3,1985,Suburb,2Story,160835.06832062933
5,4214,3,1352,3,1949,Suburb,2Story,350840.44618494774
10,1029,0,1863,3,2001,Rural,Split,277032.0507146994
9,4123,1,115,1,1936,Suburb,1Story,336754.6543362896
6,3458,3,940,1,2008,Downtown,2Story,343123.4771322138
1,3414,3,1872,2,1963,Suburb,1Story,250112.318614636
1,4091,1,336,1,2014,Suburb,1Story,257893.5361394902
2,2647,1,880,3,1953,Suburb,Split,230714.01946695973
9,3869,1,736,2,1971,Rural,Split,366270.3420288644
3,1439,3,1887,3,2004,Downtown,1Story,189506.66178508135
1,1025,2,839,1,1948,Suburb,2Story,122766.25014271843
5,501,2,146,2,1998,Rural,Split,125950.37202026905
7,874,2,1598,3,2014,Suburb,2Story,218975.08801605544
6,2840,3,1829,2,1910,Downtown,2Story,314889.25318991457
1,4505,1,1346,2,1987,Suburb,2Story,323083.5207221541
5,3552,3,442,1,1948,Downtown,1Story,301771.0670759894
5,2865,1,836,3,1920,Suburb,2Story,262427.15019690245
6,2025,3,1036,2,2014,Downtown,1Story,278120.25787245703
3,4976,3,942,2,1965,Suburb,1Story,360147.43793345994
5,2146,1,1517,3,1962,Downtown,2Story,256550.60399665797
7,513,2,1724,2,2003,Suburb,2Story,227000.67092125895
5,2778,1,286,2,1982,Suburb,2Story,241265.25699464002
5,3655,0,719,2,2002,Rural,2Story,226829.7873217309
5,629,0,1137,3,1927,Rural,1Story,130531.45812829067
10,4314,1,479,3,1916,Downtown,2Story,426053.6402167061
10,3716,3,21,3,1905,Suburb,2Story,381044.7043720469
3,3438,0,1372,3,1918,Downtown,1Story,254357.39458144203
1,4428,0,1749,1,1955,Rural,Split,305215.69986406417
5,2540,3,682,2,2001,Downtown,Split,263713.5016754021
9,527,3,1858,3,1927,Downtown,1Story,204359.3358850169
1,2613,2,1589,2,1965,Rural,Split,183823.95877983313
3,1752,3,905,2,1937,Suburb,1Story,202772.96041633812
4,4856,1,1833,1,2018,Downtown,2Story,364922.18116810545
1,2546,1,319,3,1936,Rural,2Story,206373.12957658444
1,4523,2,125,3,2014,Suburb,Split,275384.6263239165
8,4896,0,276,2,2015,Rural,2Story,385629.9847599241
2,3874,0,1999,3,1967,Downtown,Split,267689.9385387996
8,3966,3,1227,2,1985,Suburb,Split,380928.1164463909
7,3581,1,193,2,1989,Suburb,2Story,278971.92197492754
10,4278,0,1704,1,1948,Rural,2Story,400066.3067189894
10,1129,2,1687,1,1942,Rural,Split,268352.62272460194
2,769,2,1570,1,1935,Rural,2Story,125623.38315068632
6,3139,1,695,2,1957,Suburb,1Story,329541.06527465617
6,2493,2,1309,3,1912,Suburb,2Story,313699.69154353964
3,3391,2,56,1,1951,Downtown,2Story,230752.0105807783
2,3932,1,1757,3,1957,Suburb,1Story,251561.26610694808
1,1780,3,1326,1,1931,Downtown,2Story,166635.99294136887
6,2860,3,1186,1,1980,Rural,2Story,307250.20276341244
5,1075,2,18,2,2004,Rural,Split,152300.31853234328
9,1807,3,1393,1,1999,Suburb,2Story,281890.48732148553
1,3692,3,263,1,2018,Rural,2Story,283311.09938625066
7,3678,2,793,2,1959,Rural,1Story,335508.9685770939
5,3234,3,112,3,2009,Suburb,Split,308085.0037139148
5,2712,2,1511,1,1982,Downtown,Split,255413.8860429111
2,2852,0,1350,2,1957,Suburb,Split,214161.19082550413
3,4068,1,541,1,1998,Downtown,2Story,277293.23292730976
7,2155,1,646,2,2009,Suburb,Split,243062.53522393425
6,2079,3,578,3,2003,Suburb,1Story,283916.00823043386
2,2703,3,1088,3,1955,Rural,Split,209632.4598073397
6,1890,3,1315,2,1927,Suburb,1Story,259501.1365102258
2,2242,1,24,2,1900,Suburb,Split,155477.56689019004
2,2425,0,1572,2,1941,Downtown,Split,205086.48964071748
2,1119,0,0,3,1981,Rural,1Story,102218.46735563285
3,1774,1,910,1,1947,Downtown,Split,188943.8612383788
2,1456,0,1572,3,1939,Downtown,Split,134345.94803495696
4,2439,1,140,2,1996,Rural,Split,237501.06383350625
9,4453,0,1767,2,1962,Rural,2Story,408613.9461065116
6,2881,2,647,3,1975,Rural,1Story,262919.9494196975
1,1468,2,1924,2,1971,Suburb,Split,177584.30911805647
8,1816,1,187,3,1987,Rural,1Story,244263.00512964698
7,1543,0,1151,2,1979,Rural,1Story,188913.2414772091
10,781,3,200,1,2013,Rural,1Story,245999.3616751774
3,3344,0,1150,1,1903,Downtown,Split,260631.914305554
1,1558,2,256,2,1937,Downtown,Split,157362.71480720263
5,4793,2,1699,3,2007,Suburb,1Story,386762.9623480047
4,3032,0,546,1,1926,Downtown,2Story,233026.36110651476
10,4328,0,193,3,1908,Suburb,1Story,387070.7268558582
8,1508,3,702,2,2010,Downtown,2Story,290236.05263142707
1,1729,3,1127,3,1915,Rural,1Story,154280.22835253365
10,1535,0,1558,1,1955,Downtown,1Story,259116.81095590917
1,775,0,1288,3,1975,Suburb,1Story,85315.59381100387
4,3240,0,801,3,1930,Downtown,Split,227036.98953774225
8,2789,0,941,2,1987,Rural,2Story,301925.74362104165
5,1739,1,1997,2,2018,Suburb,2Story,265715.96663555177
2,625,0,1407,2,1913,Rural,1Story,96720.31082969878
6,4565,3,1283,1,2008,Rural,Split,372072.0675691373
5,4812,2,413,1,1924,Suburb,Split,354997.1940446414
2,4368,1,1381,2,1933,Rural,2Story,311102.3635754531
3,1708,0,1098,2,1966,Rural,Split,165832.73725126855
9,3749,2,1378,1,1923,Downtown,2Story,405380.70663908357
7,1418,1,1607,1,2017,Rural,2Story,218492.76211424955
7,4423,2,1794,1,2005,Rural,2Story,391790.60726975277
6,4903,0,909,1,1972,Rural,Split,371449.75809685927
8,2469,0,187,2,1925,Rural,2Story,267549.27505235653
4,3293,3,1996,1,1919,Suburb,2Story,302414.56184596324
8,1391,0,1708,2,1963,Downtown,1Story,214441.60155285703
4,4970,0,1313,3,2003,Rural,2Story,406820.2280841266
8,2533,1,44,3,1909,Rural,2Story,268710.601699078
9,1864,3,1596,1,1982,Suburb,1Story,305525.35037169314
3,628,1,82,3,1966,Rural,1Story,121975.2218634596
3,1514,2,1146,3,1923,Suburb,Split,168189.8927470094
2,2299,0,357,3,1904,Downtown,2Story,168628.5284174155
10,2018,2,1551,1,1966,Downtown,Split,299976.19524693413
3,4681,1,1089,1,1957,Rural,Split,329841.01482948463
3,1698,0,935,3,1926,Rural,1Story,160679.5470288886
5,4373,0,1680,2,1979,Rural,Split,350524.3705460934
5,2974,1,374,3,2012,Suburb,2Story,246449.25307028796
2,3985,1,161,1,1914,Rural,1Story,232291.6713198759
10,4549,1,1769,1,1934,Rural,2Story,403927.18646286393
6,4219,1,1403,1,1975,Downtown,2Story,337299.39841347584
5,802,1,1679,3,2004,Rural,1Story,132609.5151260372
6,4452,0,1381,2,1952,Downtown,2Story,349277.9958862435
1,1486,1,1211,1,1943,Rural,1Story,122135.19456074147
5,2363,0,321,1,1925,Downtown,2Story,210088.2192725014
9,4940,0,449,3,1946,Rural,1Story,411472.1544886858
10,3572,1,1497,2,1933,Downtown,Split,406981.5953696214
2,3624,1,1036,3,1986,Suburb,2Story,317406.2036954822
1,1827,3,183,1,1994,Downtown,1Story,177160.78026301268
10,2908,0,110,2,1949,Downtown,2Story,303437.84821249824
9,4173,1,1950,2,1983,Downtown,2Story,401082.1850058022
10,3791,1,507,1,1911,Rural,2Story,383163.2608471143
9,4533,1,1313,2,1986,Rural,1Story,382843.10610854335
9,1203,3,294,2,1903,Rural,Split,235025.94147673043
6,1074,3,1474,3,1986,Suburb,Split,222016.94129912285
8,3732,2,903,1,1947,Suburb,Split,366042.6296963762
1,3132,0,1238,1,1954,Downtown,1Story,219037.3269228156
10,4328,2,973,1,2011,Suburb,Split,407068.7891921394
4,3730,1,631,1,1900,Downtown,1Story,265832.5467658963
1,988,3,1917,1,2017,Downtown,2Story,158342.08509665413
8,1847,3,1590,2,1988,Downtown,2Story,276971.5868816247
1,4181,2,1050,3,1965,Suburb,Split,310672.36869548564
3,3673,3,1653,1,1929,Rural,1Story,311793.5046688048
4,2167,1,732,3,1902,Suburb,2Story,211620.19096389686
8,2137,3,1254,3,1920,Downtown,1Story,306748.8119656184
6,4614,2,1588,2,1988,Downtown,1Story,381922.187661184
10,4053,1,1830,1,1983,Suburb,2Story,400024.17155624763
7,1500,2,320,2,1948,Downtown,1Story,212705.55567722558
8,1350,3,912,1,2015,Downtown,2Story,262239.333845197
2,1888,2,1256,2,1985,Suburb,2Story,192040.29961417307
10,4212,2,1693,3,1984,Suburb,2Story,429405.7108061458
8,1867,0,436,1,1961,Suburb,1Story,248161.6348661531
3,1321,3,780,3,1996,Downtown,2Story,177771.0715532769
7,954,3,1556,3,2015,Downtown,1Story,226453.78508821665
3,2124,2,1426,2,1937,Rural,2Story,218506.8301859704
7,3272,0,1076,1,1914,Rural,2Story,276259.40976754326
2,4226,3,1810,3,2009,Suburb,Split,299655.52500128595
10,3647,1,1336,2,1951,Rural,Split,384067.9084886947
6,4589,2,1304,1,1978,Downtown,Split,365181.7241257823
3,2690,3,725,1,1945,Rural,1Story,228416.912946603
3,1416,1,30,3,1924,Downtown,1Story,124465.341637111
9,4486,3,336,1,1920,Suburb,2Story,427198.6427940514
7,3375,1,182,3,1987,Suburb,2Story,297860.1451214372
5,1940,2,1046,1,1904,Downtown,2Story,209680.0124365838
10,4900,3,543,2,1969,Rural,2Story,460317.6653516647
7,1235,3,1469,3,2012,Suburb,1Story,224797.71403354633
9,4068,0,1097,3,2006,Suburb,2Story,356929.0045350259
1,3838,2,1033,1,2011,Rural,2Story,271279.0567138683
7,3515,1,1507,1,2007,Rural,Split,327691.0473907566
6,3389,3,1479,3,1946,Downtown,2Story,320600.0978621169
10,1461,3,1589,1,1986,Rural,2Story,310497.4634589464
9,3489,1,1587,2,1967,Rural,2Story,351651.56681784015
1,4348,2,659,1,1990,Rural,1Story,274089.7540090215
4,1526,0,159,2,1917,Downtown,Split,133257.39064054974
9,4365,0,1905,2,1920,Downtown,2Story,409418.74372499646
4,3363,3,1037,2,1991,Suburb,2Story,324631.5238543355
10,3001,1,1201,2,1998,Downtown,Split,316649.2014133577
3,2447,3,411,2,1985,Suburb,2Story,226323.1537750129
9,1677,1,1901,1,2003,Rural,1Story,299301.768837727
2,511,0,1011,2,1922,Suburb,2Story,79540.44505388454
4,4899,2,52,1,1963,Suburb,1Story,314669.1525140823
6,3864,1,407,2,1966,Rural,1Story,326359.2705425481
2,3522,0,846,3,1939,Suburb,2Story,261953.070067542
8,3871,3,1045,2,2013,Downtown,Split,403560.44355290936
8,3330,1,1053,3,1909,Downtown,1Story,340778.18675829656
1,542,2,702,2,1988,Downtown,Split,96898.27475217283
3,1443,3,259,2,1951,Downtown,2Story,149449.74889231398
10,2890,3,1228,2,2012,Suburb,1Story,387564.89900687884
9,3045,0,1082,3,1971,Suburb,2Story,347189.13626705017
5,2911,1,1494,3,2018,Rural,Split,264468.83362689463
6,1504,3,775,2,1974,Suburb,2Story,235389.59455692983
4,520,2,1489,1,1960,Suburb,2Story,159836.4775103957
10,906,1,1035,2,1963,Suburb,1Story,259942.27544151014
2,1514,2,1654,3,1904,Rural,2Story,172680.2076174556
8,4931,3,1950,2,2008,Downtown,2Story,439198.6485170771
6,2338,2,1997,3,1952,Suburb,2Story,276997.6764027191
5,3688,0,1313,3,1954,Rural,1Story,285915.00283088075
9,1214,2,849,3,1936,Rural,Split,250258.78669770036
1,4646,1,1783,2,1955,Rural,Split,303522.2920686262
5,4354,2,353,3,1958,Downtown,2Story,383460.7284153741
6,4919,2,1662,3,2008,Suburb,1Story,432883.54284876265
5,640,0,1098,2,2001,Rural,2Story,168450.96133778195
6,1463,2,872,3,1992,Downtown,Split,234217.0498165546
6,872,2,1739,2,1968,Rural,1Story,197833.64706662964
7,4135,3,1584,3,1972,Rural,Split,390122.20082363853
4,3041,3,1614,1,1958,Rural,Split,281452.6140036676
8,4110,1,1464,1,2011,Rural,1Story,384644.6654540227
7,2192,3,990,3,1901,Rural,1Story,287283.39620446897
9,605,3,1264,1,1964,Downtown,2Story,231944.17255361043
7,2181,3,1017,2,2003,Suburb,2Story,278878.03045313735
3,4597,3,1884,1,1959,Suburb,Split,341547.6873902403
3,4516,0,1177,3,1950,Suburb,1Story,286487.0248443349
8,3136,3,1809,3,1929,Suburb,1Story,386547.583300933
5,2637,0,1119,2,1910,Downtown,2Story,284340.59136530827
4,3916,0,1749,3,1991,Downtown,Split,338866.735618565
8,4945,3,293,2,2007,Downtown,Split,398628.6874813851
6,4030,2,208,1,1975,Rural,2Story,343900.33139281784
2,1786,0,1366,1,1938,Rural,1Story,175895.52603241632
4,3679,2,1111,2,1989,Rural,2Story,297001.24602757284
4,4154,2,817,2,1976,Suburb,2Story,331418.5447927806
6,2859,3,1799,3,1971,Rural,2Story,311903.9393495476
6,944,1,1960,1,1962,Suburb,2Story,228178.5798962748
1,535,3,389,2,1963,Rural,1Story,103137.41844430628
8,1975,1,324,1,1960,Suburb,2Story,227886.89017257903
6,4457,1,939,2,1953,Rural,1Story,370326.1619601868
3,2298,3,888,1,1991,Rural,2Story,242935.61346980496
9,2345,3,1855,3,1993,Downtown,Split,347612.6330227175
2,1908,1,1180,1,1972,Rural,1Story,180788.83383486536
8,2208,3,667,1,2002,Rural,Split,287544.93141542404
10,3438,1,1674,1,1994,Downtown,2Story,357094.3909370753
3,1800,2,632,1,1957,Suburb,2Story,175305.32483158985
5,1743,3,576,1,1984,Downtown,2Story,227530.79265927116
6,4476,2,1642,3,1955,Downtown,1Story,384579.46264033526
10,3597,0,1682,2,2010,Suburb,Split,400505.3085347918
6,509,2,136,1,1933,Rural,1Story,138626.36877604833
4,2925,2,1946,3,2018,Suburb,1Story,285438.18345098343
3,2160,1,1697,1,1930,Rural,2Story,221562.3999598781
4,3131,2,427,1,1951,Rural,Split,259627.0503360609
1,1572,3,1475,2,1988,Suburb,2Story,163665.56837688817
4,3725,1,611,1,1975,Downtown,1Story,301646.1075201725
1,1816,0,1873,3,1900,Suburb,2Story,144485.28564098943
1,4645,3,910,3,1954,Rural,Split,301311.020819653
10,4183,0,818,2,1921,Suburb,2Story,331021.0237787185
6,3773,2,140,1,1939,Suburb,Split,299270.62902845105
5,645,3,1106,3,2000,Rural,Split,210544.33357844566
4,3540,3,176,1,2010,Downtown,2Story,245074.1462765512
3,1962,0,197,1,1900,Suburb,1Story,133001.59719541564
1,2084,3,623,1,1964,Rural,2Story,181841.37111780338
6,982,3,1591,2,1962,Rural,1Story,172222.66452214544
2,3679,3,1995,1,2005,Suburb,1Story,289136.0277298047
8,1749,2,690,3,1953,Downtown,2Story,284367.2643122149
10,1130,0,1444,1,1941,Suburb,1Story,285340.5160369798
5,1161,3,400,3,1920,Downtown,1Story,193854.93131334064
7,4003,1,1721,1,1978,Downtown,2Story,343840.65963517764
10,3352,1,470,3,1980,Downtown,2Story,340797.4252270344
2,2966,1,217,3,1921,Downtown,2Story,212638.1593866181
8,1487,1,1948,1,1937,Suburb,1Story,257629.26642330198
2,2046,2,928,1,1998,Rural,Split,222818.575201165
4,1149,3,1851,3,2008,Rural,1Story,229686.09705074405
1,1468,0,1752,2,1979,Rural,Split,143022.1297577698
5,3137,3,631,1,1907,Rural,2Story,273465.85493481165
9,1600,2,950,2,1961,Rural,Split,330394.2341860442
1,940,1,905,1,1946,Rural,2Story,112231.8959999179
9,1269,2,174,1,1916,Suburb,2Story,215154.9657284491
8,1843,3,22,1,1916,Downtown,Split,244697.54152817046
6,4858,0,1748,1,2017,Rural,2Story,367010.905199938
7,4229,2,1940,2,1989,Suburb,Split,346059.00948299223
3,4406,0,234,1,1912,Rural,2Story,282433.01982414647
1,2077,2,1036,3,1916,Rural,1Story,211819.0843311463
5,4508,0,1124,3,1937,Downtown,1Story,308968.85595505394
2,3851,0,928,2,1980,Downtown,2Story,260215.25191758035
5,2849,1,1559,1,2011,Downtown,2Story,260591.90441724806
8,4102,0,1899,3,1977,Rural,Split,396210.0505113971
9,1741,1,522,2,1944,Rural,1Story,253443.3968655087
2,1625,3,1808,1,1905,Rural,Split,155708.90691164797
3,3101,3,1475,3,1934,Downtown,2Story,258327.9257210053
3,1690,1,430,3,2009,Suburb,2Story,157393.98936031584
1,4631,1,792,2,1913,Rural,Split,310576.3641597442
8,4948,2,1629,1,2010,Rural,2Story,461845.185538603
6,572,2,1736,1,1971,Rural,1Story,179193.04225774604
8,2414,2,532,3,1960,Suburb,Split,316896.06866902695
9,2972,3,1875,3,1914,Rural,1Story,364036.3232120765
5,3546,2,978,3,1953,Suburb,1Story,305626.74483099626
3,1207,0,1746,1,1926,Rural,1Story,149012.3568110235
5,2304,0,1675,2,1912,Suburb,Split,240596.50557247273
5,4213,2,1316,2,2012,Rural,2Story,342061.1041427
5,3064,0,809,1,1930,Downtown,1Story,252817.31484364445
3,2975,3,912,2,2016,Downtown,1Story,279336.45011293044
10,4110,0,1124,3,2019,Downtown,1Story,407470.79278412095
4,4755,3,1525,2,1934,Downtown,2Story,372505.6580424864
9,3323,1,1327,2,1959,Rural,2Story,363473.6042856159
10,2235,1,870,2,1905,Downtown,Split,312984.1212171722
9,2085,1,539,3,1968,Suburb,2Story,280577.6836277415
2,566,1,1023,1,1985,Downtown,Split,92776.37885843702
8,3561,0,1576,3,1957,Downtown,Split,354054.0660694847
8,2928,2,1378,1,1948,Downtown,Split,291880.725403534
7,4653,0,1326,1,1922,Rural,Split,367163.5600899229
8,841,3,1519,1,1988,Downtown,Split,186798.8018337148
3,3274,0,1681,2,1933,Suburb,1Story,222104.16433126997
6,3317,0,1791,2,1925,Downtown,2Story,267646.2830116658
1,3161,3,1997,1,1946,Downtown,1Story,273537.03484906105
7,1732,1,226,1,1904,Downtown,Split,211799.6363193865
1,4374,1,1259,2,1989,Suburb,2Story,262539.0195356733
9,2901,1,872,3,1919,Downtown,1Story,334211.32086890715
1,1994,2,891,1,1905,Suburb,1Story,177793.08958733035
1,4711,3,1478,3,1969,Suburb,Split,342179.71112294745
7,1161,3,1036,2,1958,Downtown,1Story,225795.7974301483
2,4383,0,209,1,1963,Suburb,1Story,269279.73236838734
5,4119,2,740,3,2013,Rural,1Story,360079.93066285463
8,2368,1,396,3,1917,Downtown,1Story,263635.08324674686
8,2834,2,1123,3,1903,Downtown,1Story,320057.3384651565
3,3874,3,30,2,1916,Suburb,Split,275756.1391078714
7,1516,3,897,2,1913,Suburb,Split,207771.68294695028
3,4906,0,1551,3,1977,Downtown,1Story,362351.36361288605
6,707,0,648,3,1912,Rural,Split,195655.4372998802
6,3165,3,328,2,1906,Suburb,Split,277934.1075751762
3,2993,1,1189,3,1943,Suburb,2Story,266983.60469772597
7,1132,1,1482,3,2018,Rural,1Story,211200.124404768
3,2602,2,1845,2,1914,Rural,Split,246055.7563015413
8,3459,3,951,3,1918,Downtown,Split,388930.2454757955
10,3583,3,1123,3,1962,Rural,1Story,392401.2202921578
4,2431,1,620,3,2006,Downtown,2Story,229256.27171216253
1,4219,1,1878,2,2010,Rural,1Story,258479.94006983846
4,3062,3,1196,3,2007,Suburb,2Story,279435.91312107537
7,2179,0,1772,2,1934,Downtown,1Story,224664.55355998588
4,736,3,161,2,1980,Downtown,1Story,156603.56239749998
6,4943,3,1928,1,1934,Downtown,1Story,430742.75117903156
9,2040,1,1751,1,1918,Rural,1Story,284387.3022685839
1,4443,1,775,3,1919,Suburb,2Story,285267.73934513587
5,863,0,1286,2,1999,Downtown,2Story,157255.39089499105
7,2868,0,1827,1,1934,Downtown,Split,308150.90731748875
1,785,2,273,3,1931,Downtown,1Story,100399.23870250398
4,648,3,1026,1,1947,Downtown,2Story,112906.73288392881
6,4537,1,1051,1,1943,Suburb,2Story,375969.6163618564
2,2266,0,325,2,2003,Rural,2Story,162309.14410833694
10,1512,2,939,2,1923,Suburb,1Story,251272.41057583192
5,3331,2,1172,1,1960,Downtown,Split,287211.32055311993
10,3007,1,539,1,1916,Suburb,2Story,289688.6070290712
1,2023,1,487,2,1970,Downtown,1Story,127892.21377521913
6,3285,2,821,3,2006,Rural,2Story,319128.9922023078
6,3056,0,1461,2,1949,Rural,2Story,291454.2337268113
4,4225,2,1088,1,1964,Rural,Split,330538.77668510337
8,2101,3,355,3,1998,Downtown,2Story,287014.19735527
4,2908,3,1556,1,1931,Suburb,2Story,260762.69753055976
8,840,1,1275,3,1935,Rural,1Story,214910.8172107887
8,3317,0,234,1,1912,Downtown,1Story,287985.8510610423
5,2996,0,226,3,1969,Downtown,Split,218704.36803849632
4,2225,3,1548,3,1957,Suburb,1Story,237461.70017978823
2,2189,2,1336,1,1913,Rural,1Story,210260.8246233805
3,3767,1,48,3,1936,Downtown,Split,294675.8830410989
3,4906,2,117,2,2011,Suburb,2Story,346765.5008823738
4,761,2,53,1,1978,Rural,Split,162783.95521984829
4,1942,2,1673,2,2010,Suburb,1Story,233267.77220269915
10,905,0,564,1,1967,Suburb,Split,253077.52169405078
5,2690,3,1067,3,1939,Downtown,2Story,320829.7688065716
4,4937,0,1838,3,1958,Downtown,Split,329740.61003927625
10,743,3,52,3,1979,Downtown,1Story,245519.86614265665
8,4607,1,1609,1,1991,Suburb,1Story,408358.60378175083
6,1060,1,557,2,1915,Downtown,Split,167157.92368831803
6,4637,2,1548,2,1961,Suburb,2Story,398748.31076302775
8,3225,3,1700,1,1903,Suburb,Split,351372.5013728375
7,1093,3,1125,1,1944,Downtown,2Story,206841.02159215914
10,2326,3,1815,2,1989,Rural,2Story,350967.8978992604
10,3729,2,1793,2,1927,Rural,Split,429101.8915873678
8,3787,2,1872,2,1995,Rural,2Story,389940.76193765353
2,4573,1,867,2,2008,Suburb,1Story,319329.09496512264
9,633,0,397,1,1965,Suburb,Split,180548.93799441817
